reference_id,reference_text,reference_url,n_records
ref_002f41624522,"Yun K, Shin M, Moon KH and Kim S-H (2022) An Integrative Process-Based Model for Biomass and Yield Estimation of Hardneck Garlic (Allium sativum). Front. Plant Sci. 13:783810. doi: 10.3389/fpls.2022.783812",https://doi.org/10.3389/fpls.2022.783810,1
ref_0035073ed244,"Moore, D., Heilweck, M., & Petros, P. (2021). Saving the planet with appropriate biotechnology: 2. Cultivate Shellfish to Remediate the Atmosphere/Salvando el planeta con biotecnología apropiada: 2. Cultivar mariscos para remediar la atmósfera. Mex J Biotechnol 6: 31–91. Mexican Journal of Biotechnology, 6(1), 31-91.",https://doi.org/10.29267/mxjb.2021.6.1.31,2
ref_01bff4d4a13a,"Torry Research Station. (1989). Yield and nutritional value of the commercially more important fish species (No. 309). Food & Agriculture Org..; Matthews, R. H. (1975). Food yields summarized by different stages of preparation (No. 102). US Department of Agriculture, Agricultural Research Service.",https://www.fao.org/4/t0219e/t0219e00.htm,3
ref_01e0a0a637c1,"Yun K, Shin M, Moon KH and Kim S-H (2022) An Integrative Process-Based Model for Biomass and Yield Estimation of Hardneck Garlic (Allium sativum). Front. Plant Sci. 13:783810. doi: 10.3389/fpls.2022.783813",https://doi.org/10.3389/fpls.2022.783810,1
ref_03dd964d2def,"E.A. Vargas, E.A. dos Santos, T.B. Whitaker & A.B. Slate (2011): Determination of aflatoxin risk components for in-shell Brazil nuts, Food Additives & Contaminants: Part A, 28:9, 1242-1260. http://dx.doi.org/10.1080/19440049.2011.8 ;Barve, K., Vaishali, A., Amit, A., & Barve, K. (2020). Anacardium occidentale by-product: a review on sustainable application and added-value. Journal of Food Nutrition and Metabolism, 1, 6.",https://doi.org/10.1080/19440049.2011.596488,1
ref_03f092b2d358,"Hemalatha, P., Bomzan, D.P., Sathyendra Rao, B.V., Sreerama, Y.N., 2016. Distribution of phenolic antioxidants in whole and milled fractions of quinoa and their inhibitory effects on a-amylase and a-glucosidase activities. Food Chem. 199, 330–338.",https://doi.org/10.1016/j.foodchem.2015.12.025,3
ref_0401f56ae565,"Wang, Y., Li, L., Liu, H., Zhao, T., Meng, C., Liu, Z. and Liu, X. (2018), Bioactive compounds and in vitro antioxidant activities of peel, flesh and seed powder of kiwi fruit. Int J Food Sci Technol, 53: 2239-2245. https://doi.org/10.1111/ijfs.13812",https://doi.org/10.1111/ijfs.13812,1
ref_04e426426375,"Matthews, R. H. (1975). Food yields summarized by different stages of preparation (No. 102). US Department of Agriculture, Agricultural Research Service.",https://www.ars.usda.gov/ARSUserFiles/80400525/Data/Classics/ah102.pdf,104
ref_05a03918a427,"Irtwange, S. (2010). Design, fabrication and performance of a motorized cowpea thresher for Nigerian small-scale farmers. African Journal of Agricultural Research. 4. 1383-1391.",https://doi.org/10.5897/AJAR2020.14895,2
ref_06731f7d62fa,"Nady, D.S., Abdel-Halim, S., Hegazy, ME.F. et al. Use of Carica papaya waste as bio-adsorbent for sewage wastewater treatment. Biomass Conv. Bioref. (2024). https://doi.org/10.1007/s13399-024-06300-y",https://doi.org/10.1007/s13399-024-06300-y,3
ref_078e508bd1a8,"Karíc, L., Vukasinovic, S., & Žnidarcic. (2005). Response of leek (Allium porrum L.) to different levels of nitrogen dose under agro-climate conditions of Bosnia and Herzegovina. Acta Agriculturae Slovenica, 85(2), 219–226. https://doi.org/10.14720/aas.2005.85.2.15219",https://doi.org/10.14720/aas.2005.85.2.15218,1
ref_07c93c800b64,"Tilahun, M., Kefelegn, K., Abebe, G., & Goetsch, A. L. (2014). Feed intake, digestibility, weight gain, and slaughter characteristics influenced by genetic percentage of Boer in goats and Dorper in sheep in the central highlands of Ethiopia. Tropical animal health and production, 46, 593-602.",https://doi.org/10.1007/s11250-013-0532-y,8
ref_082f05514690,"Fernández-López, J., Viuda-Martos, M., Sayas-Barberá, E., de Vera, C. N.-R., & Pérez-Álvarez, J. Á. (2022). Biological, nutritive, functional and healthy potential of date palm fruit (phoenix dactylifera l.): Current research and future prospects. Agronomy, 12(4), 876. https://doi.org/10.3390/ agronomy12040876 ; Ghnimi, S., Umer, S., Karim, A., & Kamal-Eldin, A. (2017). Date fruit ( phoenix dactylifera l.): An underutilized food seeking industrial valorization. NFS Journal, 6, 1–10. https://doi.org/10. 1016/j.nfs.2016.12.001; Kamal, H., Habib, H. M., Ali, A., Show, P. L., Koyande, A. K., Kheadr, E., & Ibrahim, W. H. (2023). Food waste valorization potential: Fiber, sugar, and color profiles of 18 date seed varieties (phoenix dactylifera, l.) Journal of the Saudi Society of Agricultural Sciences, 22(2), 133–138. https://doi.org/10.1016/j.jssas.2022.11.002",https://doi.org/10.3390/agronomy12040876,1
ref_08358a15b759,"Gildemberg Amorim Leal, Luiz Humberto Gomes, Priscilla Efraim, Flavio Cesar de Almeida Tavares, Antonio Figueira, Fermentation of cacao (Theobroma cacao L.) seeds with a hybrid Kluyveromyces marxianus strain improved product quality attributes, FEMS Yeast Research, Volume 8, Issue 5, August 2008, Pages 788–798, https://doi.org/10.1111/j.1567-1364.2008.00405.x",https://doi.org/10.1111/j.1567-1364.2008.00405.x,2
ref_0965ac7fe877,"Karimi, A., Kazemi, M., Samani, S. A., & Simal-Gandara, J. (2021). Bioactive compounds from by-products of eggplant: Functional properties, potential applications and advances in valorization methods. Trends in Food Science & Technology, 112, 518–531. https://doi.org/10.1016/j.tifs.2021.04.029",https://doi.org/10.1016/j.tifs.2021.04.027,1
ref_0970261a3909,"Levaj, B. & Vahcić, N. & Verica, D-U. & Svetličić, S. & Sabljak, V. & Herceg,K. & Stanić, D. & Marinčić, D. & Garofulić, I. & Bursać Kovačević, D. & Lončarić, S. (2012). Influence of Processing on Yield and Quality of Cloudy Plum Juices. Croatian Journal of Food Technology, Biotechnology and Nutrition. 7. 34-38..",https://hrcak.srce.hr/file/123160,2
ref_0a7aef404bbc,"Barbhai, M. D., & Hymavathi, T. V. (2022). Nutrient, phytonutrient and antioxidant potential of selected underutilized nutri-cereal brans. Journal of Food Measurement and Characterization, 16(3), 1952-1966.",https://doi.org/10.1007/s11694-022-01301-9,3
ref_0cc0764df576,"El Baji, M., Hanine, H., En-Nahli, S., Socias I Company, R., & Kodad, O. (2021). Morphological and Pomological Characteristics of Sweet Cherry (Prunus Avium L.) Grown In-situ under South Mediterranean Climate in Morocco. International Journal of Fruit Science, 21(1), 52–65.",https://doi.org/10.1080/15538362.2020.1858468,3
ref_0d8c153e0c2b,"Wood, J.A., Knights, E.J., Campbell, G.M. and Choct, M. (2014), Differences between easy- and difficult-to-mill chickpea (Cicer arietinum L.) genotypes. Part I: Broad chemical composition. J. Sci. Food Agric., 94: 1437-1445. https://doi.org/10.1002/jsfa.6437",https://doi.org/10.1002/jsfa.6437,2
ref_0ed0ac323404,"Murugesan, P., & Shareef, M. (2014). Yield, bunch quality and vegetative traits of American oil palm (Elaeis oleifera, HBK) population in India. Indian Journal of Horticulture, 71(1), 23-27.",https://journal.iahs.org.in/index.php/ijh/article/view/1346,4
ref_108edd3da75e,"Malcorps, W., Newton, R., Little, D., & Sotelo, C. G. (2020). Valorisation of fish by-products.",https://www.unive.it/pag/fileadmin/user_upload/progetti_ricerca/gain/documenti/Attachment_D2.7.pdf,90
ref_11c9e44cefc8,"Sousa, S. D. F., da Silva, F. B., de Araújo, A. C., & Gomes, J. P. (2018). Determinação das propriedades físicas e físico-químicas de pêssegos cultivar Rubimel. Revista Brasileira de Tecnologia Agroindustrial, 12(2).",http://dx.doi.org/10.3895/rbta.v12n2.7166,1
ref_13539d1e1d81,"Bashir, M., Mubashir, T., Tahir, M.H. et al. Thermo-chemical conversion of cucumber peel waste for biobased energy and chemical production. Biomass Conv. Bioref. 14, 15441–15452 (2024). https://doi.org/10.1007/s13399-022-03656-",https://doi.org/10.1007/s13399-022-03656-x,2
ref_15afac6b8303,"Vose, J. R. (1974). Chemical and physical studies of mustard and rapeseed coats.",https://www.cerealsgrains.org/publications/cc/backissues/1974/Documents/cc1974a79.html,2
ref_1766d1ce887d,"Saba, I., A. Sofi, P., U. K., K., & Z.A, B. (2015). Natural Variation for Seed Physical, Biochemical and Culinary traits in Common bean (Phaseolus vulgaris L.). Current Botany, 6, 1–8. https://doi.org/10.19071/cb.2015.v6.2820",https://doi.org/10.19071/cb.2015.v6.2820,3
ref_179873b07ed8,Assumption based on quinoa and rice,,3
ref_179ff896ad82,"Guo, J., Zhang, M., & Fang, Z. (2022). Valorization of mushroom by-products: A review. Journal of the Science of Food and Agriculture, 102(13), 5593–5605. https://doi.org/10.1002/jsfa.11947",https://doi.org/10.1002/jsfa.11946,1
ref_17a84176391d,"Yun K, Shin M, Moon KH and Kim S-H (2022) An Integrative Process-Based Model for Biomass and Yield Estimation of Hardneck Garlic (Allium sativum). Front. Plant Sci. 13:783810. doi: 10.3389/fpls.2022.783810",https://doi.org/10.3389/fpls.2022.783810,1
ref_18fd89e14c0a,"Ramírez, R. M., MOTA ROJAS, D. Reyes, A. D. L., BECERRIL HERRERA, M., FLORES PINTADO, S., SPILSBURY, A., & LEMUS FLORES, C.(2006). Slaughtering process, carcass yield and cutting process in California and Chinchilla rabbit breeds.",https://aramara.uan.mx/bitstream/123456789/43/1/slaughtering%20process%2C%20carcass%20yield%20and%20cutting%20process%20in%20california%20and%20chinchilla%20rabitt%20breeds.pdf,6
ref_195a83bfc9ba,"Rana, K., Perotti, M., Montanaro, S., and Immink A. (1998). Aquaculture Production in China, Fisheries Information, Data and Statistics Unit, Food and Agriculture Organization;",https://www.fao.org/3/x1227e/X1227e9.htm,2
ref_1d03ef8968f4,"Rocha, M. V. P., Oliveira, A. H. S., Souza, M. C. M., & Gonçalves, L. R. B. (2006). Natural cashew apple juice as fermentation medium for biosurfactant production by Acinetobacter calcoaceticus. World Journal of Microbiology and Biotechnology, 22, 1295-1299. ; Awolumate, E. O. (1983). Chemical composition and potential uses of processing wastes from some Nigerian cash crops.",https://doi.org/10.4236/as.2020.1112081,1
ref_1d3b73b6068a,"Mahmoud, E. A., & Mehder, A. O. A. (2022). The manufacture of three types of organic butternut squash flour and their impact on the development of some oat gluten-free products. Arabian Journal of Chemistry, 15(9), 104051. https://doi.org/10.1016/j.arabjc.2022.104052",https://doi.org/10.1016/j.arabjc.2022.104051,1
ref_1d5672c93d9e,"Stéphane, K. Y., Halbin, K. J., & Charlemagne, N. (2020). Comparative study of physical properties of cashew nuts from three main production areas in Côte d’Ivoire.",https://doi.org/10.4236/as.2020.1112081,3
ref_1ec92f35a24c,Assumption based on oysters average from top 100,,6
ref_21724162b335,"Dhakal, R., & Bhardwaj, H. (2024). Alternative Use of Black and Navy Beans as Green Shell Beans. HortScience, 59(6), 831-832",https://doi.org/10.21273/HORTSCI17827-24,1
ref_221349766dd2,"Polidori, P.; Cammertoni, N.; Santini, G.; Klimanova, Y.; Zhang, J.-J.; Vincenzetti, S. Effects of Donkeys Rearing System on Performance Indices, Carcass, and Meat Quality. Foods 2021, 10, 3119. https://doi.org/10.3390/foods10123119",https://doi.org/10.3390/foods10123119,1
ref_23945e3a7a07,Preethika Murali. Physicochemical and nutritional composition of persimmon (Diospyros kaki) fruits. Pharma Innovation 2023;12(8):2066-2070.,https://www.thepharmajournal.com/archives/2023/vol12issue8/PartX/12-8-221-429.pdf,2
ref_2459e3d242ea,"Herpandi, N. H., Rosma, A., & Wan Nadiah, W. A. (2011). The Tuna Fishing Industry: A New Outlook on Fish Protein Hydrolysates. Comprehensive Reviews in Food Science and Food Safety, 10(4), 195–207. doi:10.1111/j.1541-4337.2011.00155.x",https://doi.org/10.1111/j.1541-4337.2011.00155.x,8
ref_24ed1350dc18,"Ivanković A, Šubara G, Bittante G, Šuran E, Amalfitano N, Aladrović J, Kelava Ugarković N, Pađen L, Pećina M, Konjačić M. Potential of Endangered Local Donkey Breeds in Meat and Milk Production. Animals. 2023; 13(13):2146. https://doi.org/10.3390/ani13132146",https://doi.org/10.3390/ani13132146,2
ref_27b4bededf9a,"Ojwang, J. D. , Nyankanga, R.O., Olanya, O.M. Ukuku, D.O., and Imungi, J. (2016). Yield components of vegetable pigeon pea cultivars. Subtropical Agriculture and Environments 67:1-12.2016",http://www.subplantsci.org/wp-content/uploads/2016/05/SAE1_2016-Ojwang-ET-AL-_Publish.pdf,1
ref_28048711c0e8,"Laraia, R., Riva, G., & Squitieri, G. (2001). I rifiuti del comparto agroalimentare. Studio Di Settore. Rapporto ANPA, 148. Available at: https://www.isprambiente.gov.it/contentfiles/00003800/3854-rapporti-01-11.pdf; Caldeira, C., De Laurentiis, V., Ghose, A., Corrado, S., & Sala, S. (2021). Grown and thrown: Exploring approaches to estimate food waste in EU countries. Resources, Conservation and Recycling, 168, 105426.",https://www.isprambiente.gov.it/contentfiles/00003800/3854-rapporti-01-11.pdf,52
ref_293787a228c4,"Okino-Delgado, C., Prado, D., Pereira, M. S., Camargo, D. A., Koike, M. A., & Fleuri, L. F. (2020). Mango. In Valorization of fruit processing by-products (pp. 167–181). Elsevier. https://doi.org/10.1016/b978- 0-12-817106-6.00008-6",https://doi.org/10.1016/B978-0-12-817106-6.00008-3,1
ref_2942959efe7a,"Dávila, I., Robles, E., Egüés, I., Labidi, J., & Gullón, P. (2017). The biorefinery concept for the industrial valorization of grape processing by-products. In Handbook of grape processing by-products (pp. 29– 53). Elsevier. https://doi.org/10.1016/b978-0-12-809870-7.00002-8; Gómez-Brandón, M., Lores, M., Insam, H., & Domınguez, J. (2019). Strategies for recycling and valorization of grape marc. Critical Reviews in Biotechnology, 39(4), 437–450. https://doi.org/10. 1080/07388551.2018.1555514",https://doi.org/10.1016/B978-0-12-809870-7.00002-8,1
ref_29b728345868,"Muthukumar, M., Kandeepan, G., Pathak, V., Rathod, K. S., Ambadkar, R. K., & Kulkarni, V. V. (2018). Carcass traits and value of meat and byproducts of buffalo. Indian Journal of Animal Sciences, 88(3), 326-330.",https://epubs.icar.org.in/ejournal/index.php/IJAnS/article/view/78306,6
ref_2bfdb49efcd0,"Rana, K., Perotti, M., Montanaro, S., and Immink A. (1998). Aquaculture Production in China, Fisheries Information, Data and Statistics Unit, Food and Agriculture Organization",https://www.fao.org/3/x1227e/X1227e9.htm,4
ref_2c54c39bc244,"Bosworth, B. Wolters, W, Silva, J. Chamul, R., Sinyoung Park, Comparison of Production, Meat Yield, and Meat Quality Traits of NWAC103 Line Channel Catfish, Norris Line Channel Catfish, and Female Channel Catfish × Male Blue Catfish F1 Hybrids, North American Journal of Aquaculture, Volume 66, Issue 3, July 2004, Pages 177–183, https://doi.org/10.1577/A03-032.1",https://doi.org/10.1002/vjch.202200068,5
ref_2d01a74c2917,"Quadros, D. A. D., & Bolini, H. M. A. (2015). Biometric characterization, proximate composition, and fillet yield and waste of serra spanish mackarel (Scomberomorus brasiliensis). Bol Inst Pesca, 41, 877-888.",https://institutodepesca.org/index.php/bip/article/view/1080/1057,32
ref_2d08026e834b,"Díaz, C., Figueroa, Y., & Sobenes, C. (2014). Seasonal effects of the seeding on the growth of Chilean mussel (Mytilus edulis platensis, d'Orbigny 1846) cultivated in central Chile. Aquaculture, 428, 215-222. ; Matthews, R. H. (1975). Food yields summarized by different stages of preparation (No. 102). US Department of Agriculture, Agricultural Research Service.",https://doi.org/10.1016/j.aquaculture.2014.03.013,1
ref_2d89056cfa8c,"Tsantili, E., Takidelli, C., Christopoulos, M. V., Lambrinea, E., Rouskas, D., & Roussos, P. A. (2010). Physical, compositional and sensory differences in nuts among pistachio (Pistachia vera L.) varieties. Scientia Horticulturae, 125(4), 562-568.",https://doi.org/10.1016/j.scienta.2010.04.039,2
ref_2e427cc8bce6,"Båth, B., & Kling, M. (2001). Root Development of Leek in a Cropping System With Red Clover. Biological Agriculture & Horticulture, 19(2), 143–155. https://doi.org/10.1080/01448765.2001.9754918",https://doi.org/10.1080/01448765.2001.9754918,1
ref_2f6230ed6238,"TANAKA, M. SUZUKI, K., TAGUCHI, T. (1983) Recovery of Proteins as a Spun Product from Sardine Viscera and Heads, NIPPON SUISAN GAKKAISHI, 1983, Volume 49, Issue 11, Pages 1701-1705",https://doi.org/10.2331/suisan.49.1701,12
ref_303149c65592,"Yılmaz, C., & Gökmen, V. (2013). Compositional characteristics of sour cherry kernel and its oil as influenced by different extraction and roasting conditions. Industrial Crops and Products, 49, 130–135. https://doi.org/10.1016/j.indcrop.2013.04.050",https://doi.org/10.1016/j.indcrop.2013.04.048,1
ref_3110083539f6,"Bantacut, T., Romli, M., & Noor, E. (2018, March). Biomass by-product from crystal sugar production: a comparative study between Ngadirejo and Mauritius sugar mill. In IOP Conference Series: Earth and Environmental Science (Vol. 141, No. 1, p. 012009). IOP Publishing.",https://iopscience.iop.org/article/10.1088/1755-1315/141/1/012009,5
ref_32b9d694f283,"Latocha, P., Łata, B., & Stasiak, A. (2015). Phenolics, ascorbate and the antioxidant potential of kiwiberry vs. Common kiwifruit: The effect of cultivar and tissue type. Journal of Functional Foods, 19, 155-163. https://doi.org/10.1016/j.jff.2015.09.024",https://doi.org/10.1016/j.jff.2015.09.024,1
ref_33276854f384,"Bianchi, A. R., Vitale, E., Guerretti, V., Palumbo, G., De Clemente, I. M., Vitale, L., Arena, C., & De Maio, A. (2023). Antioxidant Characterization of Six Tomato Cultivars and Derived Products Destined for Human Consumption. Antioxidants, 12(3), 761. https://doi.org/10.3390/antiox12030761",https://doi.org/10.3390/antiox12030761,3
ref_33a7911b9df0,"Axtell, B. L., & Fairman, R. M. (1992). Minor oil crops. Part I-Edible oils. Part II-Non-edible oils. Part III-Essential oils (No. 94, pp. vii+-241).",https://www.fao.org/4/x5043e/x5043E06.htm#Chinese%20vegetable%20tallow,3
ref_35f3fee72a7a,"Hernanzez-Briano, P. Ramírez-Lozano, R., Carrillo-Muro, O., López-Carlos, M.A., Mendez-Llorente F., Aguilera-Soto, J.I. (2018). Effects of Origin on Carcass and Meat Characteristics of Donkey. International Journal of Applied Research in Veterinary Medicine, 16(2).",https://jarvm.com/articles/Vol16Iss2/Vol16%20Iss2Aguilera.pdf,3
ref_360cb34cd9a0,"Arya, D., & Khan, S. (2016). A review of Simmondsia chinensis (Jojoba)"" the desert gold"": A multipurpose oil seed crop for industrial uses. Journal of Pharmaceutical Sciences and Research, 8(6), 381.",https://www.jpsr.pharmainfo.in/Documents/Volumes/vol8Issue06/jpsr08061602.pdf,1
ref_37a64923bf52,"Mansouri, A. Mirzabe, A., Ráufi., A. (2015). Physical properties and mathematical modeling of melon (Cucumis melo L.) seeds and kernels. Journal of the Saudi Society of Agricultural Sciences (2015), http://dx.doi.org/10.1016/j.jssas.2015.07.001",https://doi.org/10.1016/j.jssas.2015.07.001,2
ref_37d50ba04d2a,"SLABYJ, B. M. (1981). Quality of Squid, II/ex illecebrosus, Mantles Canned in Oil. Skin, 2, 0-4.",https://spo.nmfs.noaa.gov/sites/default/files/pdf-content/MFR/mfr436/mfr4363.pdf,12
ref_390280a87fe6,"Okino-Delgado, C., Prado, D., Pereira, M. S., Camargo, D. A., Koike, M. A., & Fleuri, L. F. (2020). Mango. In Valorization of fruit processing by-products (pp. 167–181). Elsevier. https://doi.org/10.1016/b978- 0-12-817106-6.00008-5",https://doi.org/10.1016/B978-0-12-817106-6.00008-3,1
ref_391b8498abb4,"Katar, D., Subașı, İ., & Arslan, Y. (2014). Effect of different maturity stages in safflower (Carthamus tinctorius L.) on oil content and fatty acid composition.",https://www.cabidigitallibrary.org/doi/pdf/10.5555/20153128656,2
ref_3a11e30d6980,"Xu, J., Wang, Y., Zhang, X., Zhao, Z., Yang, Y., Yang, X., Wang, Y., Liao, X., & Zhao, L. (2021). A Novel Method of a High Pressure Processing Pre-Treatment on the Juice Yield and Quality of Persimmon. Foods, 10(12). https://doi.org/10.3390/foods10123069; Sharma, A., Dhiman, A. K., Attri, S., & Ramachandran, P. (2021). Studies on preparation and preservation of persimmon ( Diospyros kaki L.) pulp. Journal of Food Processing and Preservation, 45(4). doi:10.1111/jfpp.15275",https://doi.org/10.3390/foods10123069,1
ref_3b1d9711c28b,"Gao, P., & Ogata, Y. (2020). CHAMU: An effective approach for improving the recycling of tea waste. In IOP Conference Series: Materials Science and Engineering (Vol. 711, No. 1, p. 012024). IOP Publishing. doi:10.1088/1757-899X/711/1/012024",https://iopscience.iop.org/article/10.1088/1757-899X/711/1/012024,2
ref_3b4216f7ea70,"Pearson, T. C., Slaughter, D. C., & Studer, H. E. (1994). Physical properties of pistachio nuts. Transactions of the ASAE, 37(3), 913-918.",https://www.ars.usda.gov/ARSUserFiles/30200525/226%20physical_properties_of_pistashios.pdf,1
ref_3bc4fd7b52c2,"Muttagi, G. C., & Joshi, N. (2017). A Mechanical method for small scale dehulling of sunflower seeds. International Jornal of Pure and Applied Bioscience, 5, 379-388. doi: http://dx.doi.org/10.18782/2320- 7051.5826",http://dx.doi.org/10.18782/2320-7051.5826,2
ref_3c389ec290e5,"Tortosa-Díaz, L., Saura-Martínez, J., Taboada-Rodríguez, A. et al. Influence of Industrial Processing of Artichoke and By-products on The Bioactive and Nutritional Compounds. Food Eng Rev (2025). https://doi.org/10.1007/s12393-024-09391-5",https://doi.org/10.1007/s12393-024-09391-5,1
ref_3d4109e4c7d2,"TOCA RAMIREZ, J. A., MOTA ROJAS, D. , BECERRIL HERRERA, M., CASAS GARCIA, C., Zermeño, M., RAMIREZ NECOECHEA, R. , GONZALEZ. H., & LEMUS FLORES, C (2006). Horse meat for human consumption in México: Slaughter performance and carcass morphometry.",http://dspace.uan.mx:8080/jspui/handle/123456789/42,2
ref_3e8bec41cd1d,"Griminger, P., & Gamarsh, J. L. (1972). Body composition of pigeons. Poultry Science, 51(4), 1464-1465.",http://dx.doi.org/10.3382/ps.0511464,1
ref_3ec647546bb2,"Zhu, B.-J., Zayed, M. Z., Zhu, H.-X., Zhao, J., & Li, S.-P. (2019). Functional polysaccharides of carob fruit: A review. Chinese Medicine, 14(1). https://doi.org/10.1186/s13020-019-0261-x",https://doi.org/10.1186/s13020-019-0261-x,2
ref_422933e35a1a,"Doi, K., & Inoue, R., & Iwasaki,N.,. (2021). Seed weight mediates effects of pollen on berry weight, ripening, and anthocyanin content in highbush blueberry. Scientia Horticulturae. 288. 110313. 10.1016/j.scienta.2021.110313.",https://doi.org/10.1016/j.scienta.2021.110313,1
ref_425dfb9d9a7e,"Assumption - average of apricots, peach, plums, cherries",,5
ref_42c47f4789bb,"Ye Tian, Saila Karhu, Mika Virtanen, Kaisa M. Linderborg, Baoru Yang, Oskar Laaksonen. (2023). Variation of chemical and sensory profiles of blackcurrant (Ribes nigrum) juices produced from different cultivars of European origins, LWT, Volume 173, 114353, ISSN 0023-6438, https://doi.org/10.1016/j.lwt.2022.114353.",https://doi.org/10.1016/j.lwt.2022.114353,3
ref_42f37350fff8,"Calama, R., Gordo, J., Mutke, S., Conde, M., Madrigal, G., Garriga, E., ... & Pardos, M. (2020). Decline in commercial pine nut and kernel yield in Mediterranean stone pine (Pinus pinea L.) in Spain. IForest-Biogeosciences and Forestry, 13(4), 251.",https://doi.org/10.3832/ifor3180-013,3
ref_444f9e66bd81,Assumptio based on FAO product description,,1
ref_44c1cee1e079,"Assumption based on averages from leek, onions, carrots, garlic, pumpkins, tomatoes, cucumber, eggplants, chillies, peppers",,4
ref_4514be0a7076,"Lyu, F., Luiz, S. F., Azeredo, D. R. P., Cruz, A. G., Ajlouni, S., & Ranadheera, C. S. (2020). Apple Pomace as a Functional and Healthy Ingredient in Food Products: A Review. Processes, 8(3), 319. https://doi.org/10.3390/pr8030319",https://doi.org/10.3390/pr8030319,3
ref_477c54aaaa0f,"Omojola, A. B., Isa, M. A., Jibir, M., Ajewole, B. T., Garba, S., Kassim, O. R., ... & Akinleye, S. B. (2012). Carcass characteristics and meat attributes of pigeon (Columbia livia) as influenced by strain and sex. Journal of Animal Science Advances, 2(5), 475-480.",,2
ref_4861cbcefc3c,Assumption based on Freshwater and Diadromous fishes average from top 100,,27
ref_49294f7df7d7,"Murthy, P. S., & Madhava Naidu, M. (2012). Sustainable management of coffee industry by-products and value addition—A review. Resources, Conservation and Recycling, 66, 45–58. doi:10.1016/j.resconrec.2012.06.005",https://doi.org/10.1016/j.resconrec.2012.06.005,1
ref_49c2493e8289,"Solomakou, N., Drosaki, A. M., Kaderides, K., Mourtzinos, I., & Goula, A. M. (2024). Valorization of Peach By-Products: Utilizing Them as Valuable Resources in a Circular Economy Model. Sustainability, 16(3), 1289. https://doi.org/10.3390/su16031289",https://doi.org/10.3390/su16031289,2
ref_4a1057f74aec,"Shaw, J., & Bhardwaj, H. L. (2023). Characterization of white lupin seed coats. Journal of Agricultural Science, 15(7), 64. https://doi.org/10.5539/jas.v15n7p64",https://doi.org/10.5539/jas.v15n7p64,4
ref_4e35ed3b2ce0,"Karthik, S. K., Mahesh, T., Sumanth, B., & Tanmay, M. (2017). Study of physical and engineering properties of corn (Zea mays). Bull. Environ. Pharmacol. Life Sci, 6, 404-409.",https://bepls.com/spl_2017(1)/82.pdf,8
ref_5105185e7a97,"Assumption - average based on blueberries, currants, raspberries, and strawberries",,4
ref_5285e9741b5e,"Aaby, K., Skrede, G., & Wrolstad, R. E. (2005). Phenolic composition and antioxidant activities in flesh and achenes of strawberries (Fragaria ananassa). Journal of agricultural and food chemistry, 53(10), 4032–4040. https://doi.org/10.1021/jf048001o",https://doi.org/10.1021/jf048001o,1
ref_54104ada659d,"Rodríguez, G., Lama, A., Rodríguez, R., Jiménez, A., Guillén, R., & Fernández-Bolaños, J. (2008). Olive stone an attractive source of bioactive and valuable compounds. Bioresource technology, 99(13), 5261-5269.",https://doi.org/10.1016/j.biortech.2007.11.027,2
ref_545374bb3024,"Wu, H., Forghani, B., Abdollahi, M., & Undeland, I. (2022). Five cuts from herring (Clupea harengus): Comparison of nutritional and chemical composition between co-product fractions and fillets. Food Chemistry: X, 16, 100488.",https://doi.org/10.1016/j.fochx.2022.100488,28
ref_5477c5a7f199,"Arya, S. S., Venkatram, R., More, P. R., & Vijayan, P. (2022). The wastes of coffee bean processing for utilization in food: a review. Journal of Food Science and Technology, 1-16. ; Farah, A. (Ed.). (2019). Coffee: Consumption and Health Implications. Royal Society of Chemistry.; del Castillo, M.D., Fernandez-Gomeza, B., Martinez-Saeza, N., Iriondo-DeHonda, A, Mesab, M.D. (2015). Coffee By-Products. Part 1. Chapter 12.",https://doi.org/10.1007/s13197-021-05032-5,1
ref_55d9a4e30577,Assumption based on mussels average from top 100,,3
ref_55fb959cfe62,"Król, K., & Gantner, M. (2020). Morphological traits and chemical composition of hazelnut from different geographical origins: A review. Agriculture, 10(9), 375.",https://doi.org/10.3390/agriculture10090375,2
ref_56995955f8d4,"Bledzki, A. K., Mamun, A. A., & Volk, J. (2010). Physical, chemical and surface properties of wheat husk, rye husk and soft wood and their polypropylene composites. Composites Part A: Applied Science and Manufacturing, 41(4), 480-488.",https://doi.org/10.1016/j.compositesa.2009.12.004,2
ref_56c05e334e0c,"Webb, A. I., & Weaver, B. M. (1979). Body composition of the horse. Equine veterinary journal, 11(1), 39-47.",https://doi.org/10.1111/j.2042-3306.1979.tb01295.x,7
ref_58073b6f665c,"Shaw, J., & Bhardwaj, H. L. (2023). Characterization of white lupin seed coats. Journal of Agricultural Science, 15(7), 64. https://doi.org/10.5539/jas.v15n7p66",https://doi.org/10.5539/jas.v15n7p64,1
ref_5875abb8664e,"John-Jaja, S. A., Udoh, U. H., & Nwokolo, S. C. (2016). Repeatability estimates of egg weight and egg-shell weight under various production periods for Bovan Nera Black laying chicken. Beni-Suef University Journal of Basic and Applied Sciences, 5(4), 389-394.",https://doi.org/10.1016/j.bjbas.2016.11.001,4
ref_5ab516e73a1c,"Xu, J., Wang, Y., Zhang, X., Zhao, Z., Yang, Y., Yang, X., Wang, Y., Liao, X., & Zhao, L. (2021). A Novel Method of a High Pressure Processing Pre-Treatment on the Juice Yield and Quality of Persimmon. Foods, 10(12). https://doi.org/10.3390/foods10123069; Sharma, A., Dhiman, A. K., Attri, S., & Ramachandran, P. (2021). Studies on preparation and preservation of persimmon ( Diospyros kaki L.) pulp. Journal of Food Processing and Preservation, 45(4). doi:10.1111/jfpp.15274",https://doi.org/10.3390/foods10123069,1
ref_5bd0355c36af,International Institute of Tropical Agriculture (2018). Bambara groundnut characterization dataset. Version 2018.1. https://www.genesys-pgr.org/datasets/bfb7cc00-b164-4b71-a4e3-d4450e363bb5 accessed on 1 April 2017,https://www.genesys-pgr.org/datasets/bfb7cc00-b164-4b71-a4e3-d4450e363bb5,2
ref_5eae204bf091,Torry Research Station. (1989). Yield and nutritional value of the commercially more important fish species (No. 309). Food & Agriculture Org..,https://www.fao.org/4/t0219e/t0219e00.htm,10
ref_60d08af0cf19,"Hoffman, L. C., Fisher, P. P., & Sales, J. (2000). Carcass and meat characteristics of the Nile crocodile (Crocodylus niloticus). Journal of the Science of Food and Agriculture, 80(3), 390-396.",https://doi.org/10.1002/1097-0010(200002)80:3%3C390::AID-JSFA540%3E3.0.CO;2-G,9
ref_60ff7d980dca,"Echegaray, N., Gómez, B., Barba, F. J., Franco, D., Estévez, M., Carballo, J., Marszałek, K., & Lorenzo, J. M. (2018). Chestnuts and by-products as source of natural antioxidants in meat and meat products: A review. Trends in Food Science & Technology, 82, 110–121.",https://doi.org/10.1016/j.tifs.2018.10.005,2
ref_619487d69ed9,"Felici, A., Bilandžić, N., Magi, G. E., Iaffaldano, N., Fiordelmondo, E., Doti, G., & Roncarati, A. (2020). Evaluation of long sea snail hinia reticulata (gastropod) from the middle adriatic sea as a possible alternative for human consumption. Foods, 9(7), 905.",https://doi.org/10.3390/foods9070905,2
ref_61f069b05c01,"Idowu, O. J., Sanogo, S., & Brewer, C. E. (2017). Short-term impacts of pecan waste by-products on soil quality in texturally different arid soils. Communications in Soil Science and Plant Analysis, 48(15), 1781-1791.",https://doi.org/10.1080/00103624.2017.1395448,1
ref_63092a885697,"Malunga, L. N., Ames, N., Hucl, P. J., & Thandapilly, S. J. (2024). Factors affecting dehulling of hairless canary seed (Phalaris canariensis L.). Cereal Chemistry, 101(2), 344-355.",https://doi.org/10.1002/cche.10745,1
ref_634d5acab576,"Kowalczyk-Juśko, A., & Zywer, S. (2011). Parametry biomasy odpadowej w świetle jej przydatności dla energetyki. Autobusy: technika, eksploatacja, systemy transportowe, 12, 236-240.",https://yadda.icm.edu.pl/baztech/element/bwmeta1.element.baztech-article-BWAW-0016-0029,1
ref_63ea731a25f6,"FAO (2000). Technical Conversion Factors for Agricultural Commodities. FAO Statistic Division, Rome.",https://www.fao.org/fileadmin/templates/ess/documents/methodology/tcf.pdf,19
ref_63fa2820e406,"Kadim, I. T., Mahgoub, O., & Purchas, R. W. (2008). A review of the growth, and of the carcass and meat quality characteristics of the one-humped camel (Camelus dromedaries). Meat Science, 80(3), 555-569.",https://doi.org/10.1016/j.meatsci.2008.02.010,8
ref_6455e081ed94,"Campos, D. A., Ribeiro, T. B., Teixeira, J. A., Pastrana, L., & Pintado, M. M. (2020). Integral valorization of pineapple (ananas comosus l.) by-products through a green chemistry approach towards added value ingredients. Foods, 9(1), 60. https://doi.org/10.3390/foods9010063",https://doi.org/10.3390/foods9010060,1
ref_64659ac9319a,"Zou, F., Tan, C., Zhang, B., Wu, W., & Shang, N. (2022). The valorization of banana by-products: Nutritional composition, bioactivities, applications, and future development. Foods, 11(20), 3170. https://doi.org/10.3390/foods11203170",https://doi.org/10.3390/foods11203170,1
ref_647e7db599ff,"Kosson, R., Felczyński, K., Szwejda-Grzybowska, J., Grzegorzewska, M., Tuccio, L., Agati, G., & Kaniszewski, S. (2017). Nutritive value of marketable heads and outer leaves of white head cabbage cultivated at different nitrogen rates. Acta Agriculturae Scandinavica, Section B — Soil & Plant Science, 67(6), 524–533. https://doi.org/10.1080/09064710.2017.1308006",https://doi.org/10.1080/09064710.2017.1308006,3
ref_64e6cc7baef7,"Hernández Maya, C.F. (2015) Efecto del sexo y edad de sacrificio sobre los quintos cuartos de la calidad de la canal del cuy. UNIVERSIDAD NACIONAL DE CHIMBORAZO",http://dspace.unach.edu.ec/handle/51000/431,12
ref_65c88e0a6383,Assumption based on Horse,,1
ref_662fa4e4322f,"Dhakal, R., & Bhardwaj, H. (2024). Alternative Use of Black and Navy Beans as Green Shell Beans. HortScience, 59(6), 831-832; Chávez-Mendoza C, Hernández-Figueroa KI, Sánchez E. (2018) Antioxidant Capacity and Phytonutrient Content in the Seed Coat and Cotyledon of Common Beans (Phaseolus vulgaris L.) from Various Regions in Mexico. Antioxidants (Basel). 2018 Dec 25;8(1):5. doi: 10.3390/antiox8010005. PMID: 30585238; PMCID: PMC6356214.",https://doi.org/10.21273/HORTSCI17827-24,1
ref_6a88e2060c2e,"Gagne, J. A., & Mann, K. H. (1987). Evaluation of four models used to estimate kelp productivity from growth measurements. Marine Ecology Progress Series, 35-44.",https://www.int-res.com/articles/meps/37/m037p035.pdf,1
ref_6acd6694cd6d,"Dowd, M. K., Pelitire, S. M., & Delhom, C. D. (2018). Seed-fiber ratio, seed index, and seed tissue and compositional properties of current cotton cultivars. J. Cotton Sci, 22(1), 60-74.",https://doi.org/10.56454/RJNI8976,3
ref_6b3d81e1a614,"Zhao, X., Chen, J., & Du, F. (2012). Potential use of peanut by-products in food processing: a review. Journal of food science and technology, 49, 521-529.",https://doi.org/10.1007/s13197-011-0449-2,3
ref_6bea3d684da1,"Garcia-Perez P, Xiao J, Munekata PES, Lorenzo JM, Barba FJ, Rajoka MSR, Barros L, Mascoloti Sprea R, Amaral JS, Prieto MA, et al. Revalorization of Almond By-Products for the Design of Novel Functional Foods: An Updated Review. Foods. 2021; 10(8):1823. https://doi.org/10.3390/foods10081826",https://doi.org/10.3390/foods10081823,1
ref_6bf48b1f07c1,Assumption based on Cassava,,2
ref_6d61aa47c420,"Chandra J., George, N., & Narayanankutty, S. K. (2016). Isolation and characterization of cellulose nanofibrils from arecanut husk fibre. Carbohydrate Polymers, 142, 158–166. doi:10.1016/j.carbpol.2016.01.014",https://doi.org/10.1016/j.carbpol.2016.01.015,1
ref_6dca6285cfcf,"Ballogou,V. Y. and Soumanou,M. M. and Toukourou,F. and Hounhouigan,J. D., (2013). Structure and nutritional composition of fonio (Digitaria exilis) grains: a review. International Research Journal of Biological Sciences, (73–79), 2278-3202, 2. International Science Congress Association",http://www.isca.in/IJBS/Archive/v2i1/15.ISCA-IRJBS-2012-219.pdf,1
ref_6f6567197b81,"Krenz, L. M. M., Grebenteuch, S., Zocher, K., Rohn, S., & Pleissner, D. (2023). Valorization of faba bean (vicia faba) by-products. Biomass Conversion and Biorefinery.",https://doi.org/10.1007/s13399-023-03779-9,1
ref_70373e42d147,"Ye Tian, Saila Karhu, Mika Virtanen, Kaisa M. Linderborg, Baoru Yang, Oskar Laaksonen. (2023). Variation of chemical and sensory profiles of blackcurrant (Ribes nigrum) juices produced from different cultivars of European origins, LWT, Volume 173, 114353, ISSN 0023-6438, https://doi.org/10.1016/j.lwt.2022.114353. ; Webb, R. A. (1971). The relationship of seed number to berry weight in black currant fruit. Journal of Horticultural Science, 46(2), 147–152. https://doi.org/10.1080/00221589.1971.11514393",https://doi.org/10.1016/j.lwt.2022.114353,1
ref_71852b7c4cb4,"Sulieman, H. A., & James, G. K. (2011). A comparative studies on the chemical and physical attributes of wild farmed Nile tilapia (Oreochromis niloticus). Online Journal of Animal and Feed Research, 1(6), 407-411.","https://www.ojafr.ir/main/attachments/article/80/OJAFR,%20A54,%20407-411,%202011.pdf",18
ref_75cfbf77e81f,"Kowalski, A., Agati, G., Grzegorzewska, M., Kosson, R., Kusznierewicz, B., Chmiel, T., Bartoszek, A., Tuccio, L., Grifoni, D., Vågen, I. M., & Kaniszewski, S. (2021). Valorization of waste cabbage leaves by postharvest photochemical treatments monitored with a non-destructive fluorescence-based sensor. Journal of photochemistry and photobiology. B, Biology, 222, 112263.",https://doi.org/10.1016/j.jphotobiol.2021.112263,1
ref_766177e3075f,"Ferreira, M.E., Varennes, A.D., Melo-Abreu, J.P., & Vieira, M.I. (2006). Predicting pod quality of green beans for processing. Scientia Horticulturae, 109, 207-211.",https://doi.org/10.1016/j.scienta.2006.04.010,2
ref_7666e5fc612c,"Rahardiyan, D., Poluakan, M., & Moko, E. M. (2020). Physico-chemical properties of nutmeg (Myristica fragrans houtt) of North Sulawesi nutmeg. Fullerene Journal of Chemistry, 5(1), 23-31.",https://doi.org/10.37033/fjc.v5i1.146,4
ref_77c9c70ace87,"Obeng, G.Y.; Amoah, D.Y.; Opoku, R.; Sekyere, C.K.K.; Adjei, E.A.; Mensah, E. (2020) Coconut Wastes as Bioresource for Sustainable Energy: Quantifying Wastes, Calorific Values and Emissions in Ghana. Energies , 13, 2178. https://doi.org/10.3390/en13092178",https://doi.org/10.3390/en13092178,1
ref_79c4f8eaa638,"Lu, F., Rodriguez-Garcia, J., Van Damme, I., Westwood, N., Shaw,L., Robinson, J.S., Warren, G., Chatzifragkou, A., McQueen Mason, S., Gomez, L., Faas, L., Balcombe, K., Srinivasan, C., Picchioni, F., Hadley, P., Charalampopoulos, D. Valorisation strategies for cocoa pod husk and its fractions, Current Opinion in Green and Sustainable Chemistry (2018), doi: 10.1016/ j.cogsc.2018.07.007.",https://doi.org/10.1016/j.cogsc.2018.07.007,1
ref_7b52ae1918a2,"Peksen, E., Aysun, P., Bozoglu, H., & Gülümser, A. (2004). Comparison of Fresh Pod Yield and Pod Related Characteristics in Pea (Pisum sativum L.) Cultivars Sown in Autumn and Spring under Samsun Ecological Conditions. Turkish Journal of Agriculture & Forestry, 28(5), 363–370.",https://research.ebsco.com/c/5ntpxs/search/details/wvndnepjov?db=aph,2
ref_7bc631b77060,"Ojwang, J. D. , Nyankanga, R.O., Olanya, O.M. Ukuku, D.O., and Imungi, J. (2016). Yield components of vegetable pigeon pea cultivars. Subtropical Agriculture and Environments 67:1-12.2017",http://www.subplantsci.org/wp-content/uploads/2016/05/SAE1_2016-Ojwang-ET-AL-_Publish.pdf,1
ref_7ca14dd8ee4e,"Chávez-Mendoza C, Hernández-Figueroa KI, Sánchez E. (2018) Antioxidant Capacity and Phytonutrient Content in the Seed Coat and Cotyledon of Common Beans (Phaseolus vulgaris L.) from Various Regions in Mexico. Antioxidants (Basel). 2018 Dec 25;8(1):5. doi: 10.3390/antiox8010005. PMID: 30585238; PMCID: PMC6356214.",https://doi.org/10.3390/antiox8010005,1
ref_7cecfab479eb,"Hasan, M., Mahbub, A. & Hasnath, M & Beg, M., Ahmed, T 2016. Effects of age and live weight on meat yield characteristics of Giribaz squab. International Journal of Animal Resources, Volume-1, Number-1, January-2016, Page 35 to 42,",https://saulibrary.edu.bd/sauj/ijar/v-1-n-1/Paper5_j_dvm.pdf,8
ref_7d5e2e1c48ad,"Sayana, K. S., & Sirajudheen, T. K. (2017). By-products from tuna processing wastes an economic approach to coastal waste management. In Proceedings of the international seminar on coastal biodiversity assessment (pp. 411-420).",https://www.researchgate.net/publication/312971889_By-products_from_Tuna_processing_wastes-an_economic_approach_to_coastal_waste_management,5
ref_7f3c1eb8e662,"Sayana, K. S., & Sirajudheen, T. K. (2017, January). By-products from tuna processing wastes an economic approach to coastal waste management. In Proceedings of the international seminar on coastal biodiversity assessment (pp. 411-420).",https://www.researchgate.net/publication/312971889_By-products_from_Tuna_processing_wastes-an_economic_approach_to_coastal_waste_management,15
ref_805ce2da963a,"Garcia-Perez P, Xiao J, Munekata PES, Lorenzo JM, Barba FJ, Rajoka MSR, Barros L, Mascoloti Sprea R, Amaral JS, Prieto MA, et al. Revalorization of Almond By-Products for the Design of Novel Functional Foods: An Updated Review. Foods. 2021; 10(8):1823. https://doi.org/10.3390/foods10081825",https://doi.org/10.3390/foods10081823,1
ref_80aba184e04b,Assumption based on FAO product description,https://www.fao.org/4/t0219e/T0219E03.htm#ch3.1,1
ref_818644075fe3,"Campos, D. A., Ribeiro, T. B., Teixeira, J. A., Pastrana, L., & Pintado, M. M. (2020). Integral valorization of pineapple (ananas comosus l.) by-products through a green chemistry approach towards added value ingredients. Foods, 9(1), 60. https://doi.org/10.3390/foods9010062",https://doi.org/10.3390/foods9010060,1
ref_829364807631,"Llorach, R., Espın, J. C., Tomás-Barberán, F. A., & Ferreres, F. (2003). Valorization of cauliflower: Byproducts as a source of antioxidant phenolics. Journal of Agricultural and Food Chemistry, 51(8), 2181–2187. https://doi.org/10.1021/jf021056a",https://doi.org/10.1021/jf021056a,2
ref_82f800b9fe6c,"Dvoretsky, A. G., & Dvoretsky, V. G. (2022). Biological aspects, fisheries, and aquaculture of Yesso scallops in Russian waters of the Sea of Japan. Diversity, 14(5), 399.",https://doi.org/10.3390/d14050399,3
ref_84412e7b99e4,"Assumption- average based on orange, tangerine, lemons, limes, mandarine, pomelos, grapefruits",,4
ref_8479643387c7,"Zheng, X., Li, L., & Wang, X. (2011). Molecular characterization of arabinoxylans from hull-less barley milling fractions. Molecules, 16(4), 2743-2753.",https://doi.org/10.3390/molecules16042743,1
ref_85cf7aa5da18,"Yılmaz, C., & Gökmen, V. (2013). Compositional characteristics of sour cherry kernel and its oil as influenced by different extraction and roasting conditions. Industrial Crops and Products, 49, 130–135. https://doi.org/10.1016/j.indcrop.2013.04.052",https://doi.org/10.1016/j.indcrop.2013.04.048,1
ref_86600444dfd0,"Mahmoud, E. A., & Mehder, A. O. A. (2022). The manufacture of three types of organic butternut squash flour and their impact on the development of some oat gluten-free products. Arabian Journal of Chemistry, 15(9), 104051. https://doi.org/10.1016/j.arabjc.2022.104051",https://doi.org/10.1016/j.arabjc.2022.104051,1
ref_86a010f92fc6,"Campos, D. A., Ribeiro, T. B., Teixeira, J. A., Pastrana, L., & Pintado, M. M. (2020). Integral valorization of pineapple (ananas comosus l.) by-products through a green chemistry approach towards added value ingredients. Foods, 9(1), 60. https://doi.org/10.3390/foods9010061",https://doi.org/10.3390/foods9010060,1
ref_899dd6234a29,"E.A. Vargas, E.A. dos Santos, T.B. Whitaker & A.B. Slate (2011): Determination of aflatoxin risk components for in-shell Brazil nuts, Food Additives & Contaminants: Part A, 28:9, 1242-1260. http://dx.doi.org/10.1080/19440049.2011.6",https://doi.org/10.1080/19440049.2011.596488,1
ref_89e99e044b95,"Ugese, F.D., Baiyeri, P.K. & Mbah, B.N. Agroecological variation in the fruits and nuts of shea butter tree (Vitellaria paradoxa C. F. Gaertn.) in Nigeria. Agroforest Syst 79, 201–211 (2010). https://doi.org/10.1007/s10457-009-9261-7",https://doi.org/10.1007/s10457-009-9261-7,3
ref_89f24e92e0fd,"Leibniz Institute of Plant Genetics and Crop Plant Research; Coronel, R.E. (1996) Pili nut, Canarium ovatum Engl.. Promoting the Conservation and Use of Underutilized and Neglected Crops n.6, 57 p. ISBN: 978-92-9043-296-8, ISBN: 92-9043-296-9",https://hdl.handle.net/10568/104960,3
ref_8b97f4cfafaf,"Mahmoudi, S., Khali, M., Benkhaled, A., Boucetta, I., Dahmani, Y., Attallah, Z., & Belbraouet, S. (2018). Fresh figs (Ficus carica L.): Pomological characteristics, nutritional value, and phytochemical properties. European Journal of Horticultural Science, 83(2), 104–113. https://doi.org/10.17660/eJHS.2018/83.2.6",https://doi.org/10.17660/eJHS.2018/83.2.6,2
ref_8bc4ea102211,"Bindon, Keren & Myburgh, Philip & Oberholster, A. & Roux, K. & Toit, C.. (2011). Response of Grape and Wine Phenolic Composition in Vitis vinifera L. cv. Merlot to Variation in Grapevine Water Status. South African Journal of Enology and Viticulture. 32. 71-88. 10.21548/32-1-1368.",https://doi.org/10.21548/32-1-1368,3
ref_8bd3d01bc2a5,"Guo, J., Zhang, M., & Fang, Z. (2022). Valorization of mushroom by-products: A review. Journal of the Science of Food and Agriculture, 102(13), 5593–5605. https://doi.org/10.1002/jsfa.11946",https://doi.org/10.1002/jsfa.11946,1
ref_8ce6f94b7bc8,"Mohd Azmi AF, Mat Amin F, Ahmad H, Mohd Nor N, Meng GY, Zamri Saad M, Abu Bakar MZ, Abdullah P, Irawan A, Jayanegara A, Abu Hassim H. Effects of Bypass Fat on Buffalo Carcass Characteristics, Meat Nutrient Contents and Profitability. Animals (Basel). 2021 Oct 24;11(11):3042. doi: 10.3390/ani11113042. PMID: 34827775; PMCID: PMC8614549.",https://doi.org/10.3390/ani11113042,3
ref_8d5e5078c0c1,"Sahu, B. B., Pati, M. K., Shajahan Ferosekhan, N., Biswal, K., Mohanty, B. K., Senapati, D. K., & Jayasankar, P. (2013). Carcass characteristics of marketable size Hilsa, Tenualosa ilisha (Hamilton, 1822).",https://www.fisheriesjournal.com/archives/?year=2014&vol=2&issue=2&part=C&ArticleId=233,14
ref_8df1f8851406,"Rayman, A. and Baysal, T. (2011), Yield and Quality Effects of Electroplasmolysis and Microwave Applications on Carrot Juice Production and Storage. Journal of Food Science, 76: C598-C605. https://doi.org/10.1111/j.1750-3841.2011.02156.x",https://doi.org/10.1111/j.1750-3841.2011.02156.x,2
ref_8f3a8818346b,"Cheng, Y., Wu, T., Chu, X., Tang, S., Cao, W., Liang, F., Fang, Y., Pan, S., & Xu, X. (2020). Fermented blueberry pomace with antioxidant properties improves fecal microbiota community structure and short chain fatty acids production in an in vitro mode. LWT, 125, 109260.",https://doi.org/10.1016/j.lwt.2020.109260,2
ref_8f9d74dabe72,"Sachindra, N. M., Bhaskar, N., & Mahendrakar, N. S. (2005). Carotenoids in different body components of Indian shrimps. Journal of the Science of Food and Agriculture, 85(1), 167-172.",https://doi.org/10.1002/jsfa.1977,9
ref_918f346cebcf,"Berik, N., Çankırılıgil, E. C., & Gül, G. (2017). Meat yield and shell dimension of smooth scallop (Flexopecten glaber) caught from Çardak Lagoon in Çanakkale, Turkey. Journal of Aquaculture and Marine Biology, 5(3), 00122.; Berik, N., & Çankırılıgil, E. C. (2013). Determination of Proximate Composition and Sensory Attributes of Scallop (Flexopecten glaber) Gonads. Marine Science and Technology Bulletin, 2(2), 5-8.",https://doi.org/10.15406/jamb.2017.05.00122,8
ref_941761a3d31b,"Tortosa-Díaz, L., Saura-Martínez, J., Taboada-Rodríguez, A. et al. Influence of Industrial Processing of Artichoke and By-products on The Bioactive and Nutritional Compounds. Food Eng Rev (2025).",https://doi.org/10.1007/s12393-024-09391-5,1
ref_96c4e979d8a9,"Akande, T.O., Odunsi, A.A., Olabode, O.S., and Ojediran, T.K. (2012). Physical and Nutrient Characterisation of Raw and Processed Castor (Ricinus communis L.) Seeds in Nigeria. World Journal of Agricultural Sciences 8 (1): 89-95. ISSN 1817-3047",https://idosi.org/wjas/wjas8(1)/14.pdf,1
ref_99302ac3abbb,"Akande, T.O., Odunsi, A.A., Olabode, O.S., and Ojediran, T.K. (2012). Physical and Nutrient Characterisation of Raw and Processed Castor (Ricinus communis L.) Seeds in Nigeria. World Journal of Agricultural Sciences 8 (1): 89-95. ISSN 1817-3048",https://idosi.org/wjas/wjas8(1)/14.pdf,2
ref_9a4a002f9616,Assumption based on Pelagic fish average from top 100,,6
ref_9aa0143c7799,"Campos, D. A., Ribeiro, T. B., Teixeira, J. A., Pastrana, L., & Pintado, M. M. (2020). Integral valorization of pineapple (ananas comosus l.) by-products through a green chemistry approach towards added value ingredients. Foods, 9(1), 60. https://doi.org/10.3390/foods9010060",https://doi.org/10.3390/foods9010060,1
ref_9bb626ec82b9,"Spanghero, M., Gracco, L., Valusso, R., & Piasentier, E. (2004). In vivo performance, slaughtering traits and meat quality of bovine (Italian Simmental) and buffalo (Italian Mediterranean) bulls. Livestock Production Science, 91(1-2), 129-141.",https://doi.org/10.1016/j.livprodsci.2004.07.013,1
ref_9c23f53d8f6e,"Tan, B. H., & Azhar, M. E. (2014). Physicochemical properties and composition of snakehead fish (Channa striatus) whole fillet powder prepared with pre-filleting freezing treatments. International Food Research Journal, 21(3), 1219–1224. https://www.cabdirect.org/cabdirect/abstract/20143199570",http://www.ifrj.upm.edu.my/21%20(03)%202014/60%20IFRJ%2021%20(03)%202014%20Azhar%20128.pdf,1
ref_9d4edbb8b6b0,"Shaw, J., & Bhardwaj, H. L. (2023). Characterization of white lupin seed coats. Journal of Agricultural Science, 15(7), 64. https://doi.org/10.5539/jas.v15n7p65",https://doi.org/10.5539/jas.v15n7p64,1
ref_9ec5691c8085,"Okanović, Đ., Tasić, T., Kormanjoš, Š., Ikonić, P., Šojić, B., Pelić, M., & Ristić, M. (2017). Investigation of grass carp by-products from a fish farm in Vojvodina. In IOP Conference Series: Earth and Environmental Science (Vol. 85, No. 1, p. 012044). IOP Publishing.",https://iopscience.iop.org/article/10.1088/1755-1315/85/1/012044,6
ref_9ef8d6689f8a,"Chandra J., George, N., & Narayanankutty, S. K. (2016). Isolation and characterization of cellulose nanofibrils from arecanut husk fibre. Carbohydrate Polymers, 142, 158–166. doi:10.1016/j.carbpol.2016.01.015",https://doi.org/10.1016/j.carbpol.2016.01.015,1
ref_9f652a98c1b4,"Mahato, N., Sinha, M., Sharma, K., Koteswararao, R., & Cho, M. H. (2019). Modern Extraction and Purification Techniques for Obtaining High Purity Food-Grade Bioactive Compounds and Value-Added Co-Products from Citrus Wastes. Foods, 8(11), 523. https://doi.org/10.3390/foods8110523",https://doi.org/10.3390/foods8110523,16
ref_9fb1b714dc03,"Sahu, B. B., Pati, M. K., Shajahan Ferosekhan, N., Biswal, K., Mohanty, B. K., Senapati, D. K., & Jayasankar, P. (2013). Carcass characteristics of marketable size Hilsa, Tenualosa ilisha (Hamilton, 1822). International Journal of Fisheries and Aquatic Studies 2014; 2(2): 137-141.",https://www.fisheriesjournal.com/archives/?year=2014&vol=2&issue=2&part=C&ArticleId=233,7
ref_a031dc7331e5,"Haimbili, E. T. (2018). ASSESSMENT OF THE “FULL” UTILIZATION OF HAKE REST RAW MATERIAL IN NAMIBIA.",https://www.grocentre.is/static/gro/publication/674/document/Etuna18prf.pdf,10
ref_a1f4814ef6b6,"Zou, F., Tan, C., Zhang, B., Wu, W., & Shang, N. (2022). The valorization of banana by-products: Nutritional composition, bioactivities, applications, and future development. Foods, 11(20), 3170. https://doi.org/10.3390/foods11203171",https://doi.org/10.3390/foods11203170,1
ref_a39e79bd88fb,"Mihoc, M., Pop, G., Alexa, E., Dem, D., & Militaru, A. (2013). Microelements distribution in whole hempseeds (Cannabis sativa L.) and in their fractions. Revista De Chimie, 64(7), 776-780.",https://doi.org/10.37358/Rev.Chim.1949,2
ref_a43dc2978249,"Okino-Delgado, C., Prado, D., Pereira, M. S., Camargo, D. A., Koike, M. A., & Fleuri, L. F. (2020). Mango. In Valorization of fruit processing by-products (pp. 167–181). Elsevier.",https://doi.org/10.1016/B978-0-12-817106-6.00008-3,1
ref_a508445170b4,"Garcia-Perez P, Xiao J, Munekata PES, Lorenzo JM, Barba FJ, Rajoka MSR, Barros L, Mascoloti Sprea R, Amaral JS, Prieto MA, et al. Revalorization of Almond By-Products for the Design of Novel Functional Foods: An Updated Review. Foods. 2021; 10(8):1823. https://doi.org/10.3390/foods10081824",https://doi.org/10.3390/foods10081823,1
ref_a51a5ad16515,"Jonsson, A., & Vidarsson, J. R. (2016). By-products from whitefish processing. Skyrsla Matis. USA. 36p.",https://www.matis.is/media/matis/utgafa/08-16-By-products-from-whitefish.pdf,18
ref_a55e0bdb2d74,"Ahmed MF, Popovich DG, Whitby CP, Rashidinejad A. (2024). Phenolic compounds from macadamia husk: An updated focused review of extraction methodologies and antioxidant activities. Food and Bioproducts Processing. 148. (pp. 165-175).",https://doi.org/10.1016/j.fbp.2024.09.014,3
ref_a63b0da22d7e,"Assumption- average based on grape, kiwi, figs, and dates",,4
ref_a8b56c24fc0a,"Fernández-López, J., Viuda-Martos, M., Sayas-Barberá, E., de Vera, C. N.-R., & Pérez-Álvarez, J. Á. (2022). Biological, nutritive, functional and healthy potential of date palm fruit (phoenix dactylifera l.): Current research and future prospects. Agronomy, 12(4), 876. https://doi.org/10.3390/ agronomy12040876 ; Ghnimi, S., Umer, S., Karim, A., & Kamal-Eldin, A. (2017). Date fruit ( phoenix dactylifera l.): An underutilized food seeking industrial valorization. NFS Journal, 6, 1–10. https://doi.org/10. 1016/j.nfs.2016.12.001; Kamal, H., Habib, H. M., Ali, A., Show, P. L., Koyande, A. K., Kheadr, E., & Ibrahim, W. H. (2023). Food waste valorization potential: Fiber, sugar, and color profiles of 18 date seed varieties (phoenix dactylifera, l.) Journal of the Saudi Society of Agricultural Sciences, 22(2), 133–138. https://doi.org/10.1016/j.jssas.2022.11.001",https://doi.org/10.3390/agronomy12040876,1
ref_a93c7402227e,"De Falco, E., Senatore, A., Roscigno, G., & Pergola, M. (2022). The Artichoke “Bianco di Pertosa”: The Enhancement of Crop Residues through Environmentally Friendly Uses. Horticulturae, 8(10), 900.",https://doi.org/10.3390/horticulturae8100900,2
ref_aaf4fba8e99b,"Gottstein V, Bernhardt M, Dilger E, Keller J, Breitling-Utzmann CM, Schwarz S, Kuballa T, Lachenmeier DW, Bunzel M. Coffee Silver Skin: Chemical Characterization with Special Consideration of Dietary Fiber and Heat-Induced Contaminants. Foods. 2021; 10(8):1705. https://doi.org/10.3390/foods10081705",https://doi.org/10.3390/foods10081705,1
ref_ab2f2286c6ac,"Ribera, A.E, Reyes-Diaz, M, Alberdi, M, Zuñiga, G.E, & Mora, M.L. (2010). ANTIOXIDANT COMPOUNDS IN SKIN AND PULP OF FRUITS CHANGE AMONG GENOTYPES AND MATURITY STAGES IN HIGHBUSH BLUEBERRY (Vaccinium corymbosum L.) GROWN IN SOUTHERN CHILE. Journal of soil science and plant nutrition, 10(4), 509-536. https://dx.doi.org/10.4067/S0718-95162010000200010",http://dx.doi.org/10.4067/S0718-95162010000200010,1
ref_ab45fd15c478,"Muhammad, B. F., & Akpan, I. N. (2008). Camel (Camelus dromedarius) Meat utilization in Kano-Nigeria (ii): Post slaughter handling and marketing wholesale meat cuts. Research Journal of Animal Sciences, 2(4), 113-117.",https://www.makhillpublications.co/view-article/1993-5269/rjnasci.2008.113.117,2
ref_ab535e1f8f98,"E.A. Vargas, E.A. dos Santos, T.B. Whitaker & A.B. Slate (2011): Determination of aflatoxin risk components for in-shell Brazil nuts, Food Additives & Contaminants: Part A, 28:9, 1242-1260. http://dx.doi.org/10.1080/19440049.2011.7",https://doi.org/10.1080/19440049.2011.596488,1
ref_ab5c18dc6897,"Tan, N. D., Tuyen, V. T. X., Ha, H. T. N., & Dao, D. T. A. (2023). Overview: the value chain of Tra catfish in mekong delta region, Vietnam. Vietnam Journal of Chemistry, 61(1), 1-14.",https://doi.org/10.1002/vjch.202200068,30
ref_aeadaec41439,"Ispiryan, A., Bobinaite, R., Urbonaviciene, D., Sermuksnyte-Alesiuniene, K., Viskelis, P., Miceikiene, A., & Viskelis, J. (2023). Physico-Chemical Properties, Fatty Acids Profile, and Economic Properties of Raspberry (Rubus idaeus L.) Seed Oil, Extracted in Various Ways. Plants, 12(14). https://doi.org/10.3390/plants12142706",https://doi.org/10.3390/plants12142706,2
ref_aeccf6f34ddd,"Pérez, P., Maino, M., Guzmán, R., Vaquero, A., Köbrich, C., & Pokniak, J. (2000). Carcass characteristics of llamas (Lama glama) reared in Central Chile. Small Ruminant Research, 37(1-2), 93-97.",https://doi.org/10.1016/S0921-4488(99)00127-3,14
ref_af512cc8f644,"Niedersberg, C., Werlang, E. B., & Lazzari, Â. R. (2015). Adsorption with activated carbon produced from tung fruit (aleurites fordii) husks. International Journal of Engineering and Technology (IJET), 7(3).",https://www.enggjournals.com/ijet/docs/IJET15-07-03-319.pdf,1
ref_b1e58eb2b561,"Górnaś, P., Lazdiņa, D., Mišina, I., Sipeniece, E., & Segliņa, D. (2024). Cranberry (Vaccinium macrocarpon Aiton) seeds: An exceptional source of tocotrienols. Scientia Horticulturae, 331, 113107. https://doi.org/10.1016/j.scienta.2024.113107",https://doi.org/10.1016/j.scienta.2024.113107,1
ref_b2014632e498,"Assumption- average based on apples, pears, quinces",,4
ref_b41dd3d89fba,"Bhatty, R. S., & Cherdkiatgumchai, P. (1990). Compositional analysis of laboratory‐prepared and commercial samples of linseed meal and of hull isolated from flax. Journal of the American Oil Chemists' Society, 67(2), 79-84.",https://doi.org/10.1007/BF02540631,2
ref_b47b629c64ab,"Srivastava, K. K., Jabeen, A., Das, B., & Sharma, A. K. (2005). Genetic variability of quince (Cydonia ablonga) in Kashmir valley*. The Indian Journal of Agricultural Sciences, 75(11).",https://epubs.icar.org.in/index.php/IJAgS/article/view/9285,1
ref_b4bc51479113,"Agbangnan P., & Bothon, Avlessi, & Wotto, (2018). Nutritional Profile and Chemical Composition of Juices of Two Cashew Apple's Varieties of Benin. 4. 91-96.",http://www.aiscience.org/journal/paperInfo/cj?paperId=4221,2
ref_b6af63fb6ed5,"Popova, V., Petkova, Z., Ivanova, T., Stoyanova, M., Mazova, N., & Stoyanova, A. (2021). Lipid composition of different parts of cape gooseberry (physalis peruviana l.) fruit and valorization of seed and peel waste. Grasas y Aceites, 72(2), e402. https://doi.org/10.3989/gya.1256197",https://doi.org/10.3989/gya.1256192,1
ref_b7ff258882a6,"Karimi, A., Kazemi, M., Samani, S. A., & Simal-Gandara, J. (2021). Bioactive compounds from by-products of eggplant: Functional properties, potential applications and advances in valorization methods. Trends in Food Science & Technology, 112, 518–531. https://doi.org/10.1016/j.tifs.2021.04.028",https://doi.org/10.1016/j.tifs.2021.04.027,1
ref_b879d00c17cf,"Berik, N., & Çankırılıgil, E. C. (2013). Determination of proximate composition and sensory attributes of scallop (Flexopecten glaber) gonads. Marine Science and Technology Bulletin, 2(2), 5-8.",https://dergipark.org.tr/en/pub/masteb/issue/22360/239473#article_cite,1
ref_b8d39f7aefc4,"Essery, R.E., Kirsop, B.H. and Pollock, J.R.A. (1956), Studies in Barley and Malt V. Determination of Husk-Content and Mealiness of Barley. Journal of the Institute of Brewing, 62: 150-152.",https://doi.org/10.1002/j.2050-0416.1956.tb02838.x,1
ref_b9b19387908e,"Gencbay, G., & Turhan, S. (2016). Proximate composition and nutritional profile of the black sea anchovy (Engraulis encrasicholus) whole fish, fillets, and by-products. Journal of Aquatic Food Product Technology, 25(6), 864-874.",https://doi.org/10.1080/10498850.2014.945199,12
ref_ba5873289768,"Garcia-Perez P, Xiao J, Munekata PES, Lorenzo JM, Barba FJ, Rajoka MSR, Barros L, Mascoloti Sprea R, Amaral JS, Prieto MA, et al. Revalorization of Almond By-Products for the Design of Novel Functional Foods: An Updated Review. Foods. 2021; 10(8):1823. https://doi.org/10.3390/foods10081823",https://doi.org/10.3390/foods10081823,1
ref_bb1b6ee0fea1,"Locker, 2021, Options to improve circularity for the potato and sugar beet processing industry, MSc Thesis Wageningen University, 64 p",https://edepot.wur.nl/559806,5
ref_bc506854168f,"Vázquez, J. A., Ramos, P., Valcarcel, J., Antelo, L. T., Novoa-Carballal, R., Reis, R. L., & Pérez-Martín, R. I. (2018). An integral and sustainable valorisation strategy of squid pen by-products. Journal of Cleaner Production, 201, 207-218.",https://doi.org/10.1016/j.jclepro.2018.07.316,1
ref_bcd2eb420633,"Zazycki, M. A., Godinho, M., Perondi, D., Foletto, E. L., Collazzo, G. C., & Dotto, G. L. (2018). New biochar from pecan nutshells as an alternative adsorbent for removing reactive red 141 from aqueous solutions. Journal of Cleaner Production, 171, 57-65.",https://doi.org/10.1016/j.jclepro.2017.10.007,2
ref_bd8cb98526c1,"Neglo, D., Tettey, C. O., Essuman, E. K., Kortei, N. K., Boakye, A. A., Hunkpe, G., Devi, W. S. (2021). Comparative antioxidant and antimicrobial activities of the peels, rind, pulp and seeds of watermelon (Citrullus lanatus) fruit. Scientific African, 11, e00582. doi:10.1016/j.sciaf.2020.e00582",https://doi.org/10.1016/j.sciaf.2020.e00582,3
ref_be00323f1a9a,"Obeng, G.Y.; Amoah, D.Y.; Opoku, R.; Sekyere, C.K.K.; Adjei, E.A.; Mensah, E. (2020) Coconut Wastes as Bioresource for Sustainable Energy: Quantifying Wastes, Calorific Values and Emissions in Ghana. Energies , 13, 2178. https://doi.org/10.3390/en13092180",https://doi.org/10.3390/en13092178,1
ref_be25de9bd020,"Karimi, A., Kazemi, M., Samani, S. A., & Simal-Gandara, J. (2021). Bioactive compounds from by-products of eggplant: Functional properties, potential applications and advances in valorization methods. Trends in Food Science & Technology, 112, 518–531. https://doi.org/10.1016/j.tifs.2021.04.027",https://doi.org/10.1016/j.tifs.2021.04.027,1
ref_bf79a96e2d2f,"Myburgh, A., Lambrechts, H., & Hoffman, L. C. (2022). A descriptive study on the carcass, muscle, and offal yields of the plains zebra (Equus quagga) harvested in two seasons. Animals, 13(1), 50.",https://doi.org/10.3390/ani13010050,2
ref_c0494f369e22,"Popova, V., Petkova, Z., Ivanova, T., Stoyanova, M., Mazova, N., & Stoyanova, A. (2021). Lipid composition of different parts of cape gooseberry (physalis peruviana l.) fruit and valorization of seed and peel waste. Grasas y Aceites, 72(2), e402. https://doi.org/10.3989/gya.1256195",https://doi.org/10.3989/gya.1256192,1
ref_c0594d1afb65,"Saifullah, Md & Rabbani, Md. (2009). Evaluation and characterization of okra (Abelmoschus esculentus L. Moench.) genotypes. SAARC J. Agri., 7 (1), 91-98: 2009",https://www.cabidigitallibrary.org/doi/pdf/10.5555/20103304604,2
ref_c29629602781,"Popova, V., Petkova, Z., Ivanova, T., Stoyanova, M., Mazova, N., & Stoyanova, A. (2021). Lipid composition of different parts of cape gooseberry (physalis peruviana l.) fruit and valorization of seed and peel waste. Grasas y Aceites, 72(2), e402. https://doi.org/10.3989/gya.1256196",https://doi.org/10.3989/gya.1256192,1
ref_c45dd8a0e510,"Hassan-Beygi, S. R. (2009). Some physico-mechanical properties of apricot fruit, pit and kernel of ordubad variety. Agricultural Engineering International: CIGR Journal.",https://cigrjournal.org/index.php/Ejounral/article/view/1459,2
ref_c4d99aebd65e,"Campos, D. A., Ribeiro, T. B., Teixeira, J. A., Pastrana, L., & Pintado, M. M. (2020). Integral valorization of pineapple (ananas comosus l.) by-products through a green chemistry approach towards added value ingredients. Foods, 9(1), 60. https://doi.org/10.3390/foods9010064",https://doi.org/10.3390/foods9010060,1
ref_c69f35f17e26,"Awolumate, E. O. (1983). Chemical composition and potential uses of processing wastes from some Nigerian cash crops. ; Nair, K. P. (2010). The agronomy and economy of important tree crops of the developing world. ;",https://repositorio.catie.ac.cr/handle/11554/12041,1
ref_c78972bdce92,"Nerson, H. (2005). Plant Density, Fruit Length and Fruit Type Affect Seed Yield and Quality in Cucumber / in ""Advances in horticultural science. 19 (N. 4), 2005, Firenze : Firenze University Press, 2005 - Casalini id: 2194402"" - P. [1-7] [7] - Casalini id: 2209126",http://digital.casalini.it/10.1400/14430,1
ref_c8003f49eb47,"Krenz, L. M. M., Grebenteuch, S., Zocher, K., Rohn, S., & Pleissner, D. (2023). Valorization of faba bean (vicia faba) by-products. Biomass Conversion and Biorefinery. https://doi.org/10.1007/s13399- 023-03779-11",https://doi.org/10.1007/s13399-023-03779-9,1
ref_c97da64c06ca,Assumption,https://aramara.uan.mx/bitstream/123456789/43/1/slaughtering%20process%2C%20carcass%20yield%20and%20cutting%20process%20in%20california%20and%20chinchilla%20rabitt%20breeds.pdf,1
ref_ca1e44d67e52,"Lake, J., (2014). Validation of Commercial Shellfish Conversion Factor in RI., Rhode Island Department of Environmental Management Division of Fish and Wildlife, Marine Fisheries Section",https://dem.ri.gov/sites/g/files/xkgbur861/files/programs/bnatres/marine/pdf/Lake_ShellfishConv.pdf,4
ref_ca8c9ba7e292,Assumption,https://journal.iahs.org.in/index.php/ijh/article/view/1346,1
ref_cb5152b393aa,"Ohimain, E. I., Silas-Olu, D. I., & Zipamoh, J. T. (2013). Biowastes generation by small scale cassava processing centres in Wilberforce Island, Bayelsa State, Nigeria. Greener Journal of Environmental Management and Public Safety, 2(1), 51-59.",http://dx.doi.org/10.15580/GJEMPS.2013.1.112712294,4
ref_cc81b27b8bb8,"Hernanzez-Briano, P. Ramírez-Lozano, R., Carrillo-Muro, O., López-Carlos, M.A., Mendez-Llorente F., Aguilera-Soto, J.I. (2018). Effects of Origin on Carcass and Meat Characteristics of Donkey. International Journal of Applied Research in Veterinary Medicine, 16(2). Jerbi, H., Rejeb, A., Erdoğan, S., & Pérez, W. (2014). Anatomical and morphometric study of gastrointestinal tract of donkey (Equus africanus asinus). Journal of Morphological Sciences, 31(01), 018-022.",https://jarvm.com/articles/Vol16Iss2/Vol16%20Iss2Aguilera.pdf,1
ref_d10f9df7b8a2,"Doehlert, D.C., Ohm, J.-B., McMullen, M.S. and Riveland, N.R. (2009), Theoretical and Empirical Relationships Between Oat Test Weight and Groat Proportion. Cereal Chemistry, 86: 239-246",https://doi.org/10.1094/CCHEM-86-2-0239,1
ref_d2cb982a44e1,"Okino-Delgado, C., Prado, D., Pereira, M. S., Camargo, D. A., Koike, M. A., & Fleuri, L. F. (2020). Mango. In Valorization of fruit processing by-products (pp. 167–181). Elsevier. https://doi.org/10.1016/b978- 0-12-817106-6.00008-4",https://doi.org/10.1016/B978-0-12-817106-6.00008-3,1
ref_d34273455379,"Arya, D., & Khan, S. (2016). A review of Simmondsia chinensis (Jojoba)"" the desert gold"": A multipurpose oil seed crop for industrial uses. Journal of Pharmaceutical Sciences and Research, 8(6), 381.; A",https://www.jpsr.pharmainfo.in/Documents/Volumes/vol8Issue06/jpsr08061602.pdf,1
ref_d36a65bbbc46,"Vázquez, J. A., Ramos, P., Valcarcel, J., Antelo, L. T., Novoa-Carballal, R., Reis, R. L., & Pérez-Martín, R. I. (2018). An integral and sustainable valorisation strategy of squid pen by-products. Journal of Cleaner Production, 201, 207-218. https://doi.org/10.1016/J.JCLEPRO.2018.07.316",https://doi.org/10.1016/j.jclepro.2018.07.316,4
ref_d4582d68f5df,"Bashir, O., Hussain, S.Z., Gani, G. et al. Evaluating the physicochemical and antioxidant characteristics of apricot juice prepared through pectinase enzyme-assisted extraction from Halman variety. Food Measure 15, 2645–2658 (2021). https://doi.org/10.1007/s11694-021-00833-w",https://doi.org/10.1007/s11694-021-00833-w,2
ref_d51ce9446c4c,"Nguyen, V. T., & Scarlett, C. J. (2016). Mass Proportion, Bioactive Compounds and Antioxidant Capacity of Carrot Peel as Affected by Various Solvents. Technologies, 4(4), 36. https://doi.org/10.3390/technologies4040036",https://doi.org/10.3390/technologies4040036,1
ref_d53ce58afa64,"Guillen, N., Tito, R., & Mendoza, N. (2018). Capsaicinoids and pungency in capsicum chinense and capsicum baccatum fruits. Pesquisa Agropecuária Tropical, 48(3), 237–244.",http://dx.doi.org/10.1590/1983-40632018v4852334,3
ref_d5b11d48eab2,Assumption based on mass balance,,1
ref_d6571f340266,"Malaweera, B. O., & Wijesundara, W. N. M. (2013). Use of seafood processing by-products in the animal feed industry. In Seafood processing by-products: trends and applications (pp. 315-339). New York, NY: Springer New York.",https://doi.org/10.1007/978-1-4614-9590-1_15,5
ref_d712f1448186,Assumption based on Carrots,,3
ref_d7709249e405,"Sharma, V., Pradhan, R. C., Naik, S. N., Bhatnagar, N., & Singh, S. (2013). Evaluation of a centrifugal impaction-type decorticator for shelling tung fruits. Industrial Crops and Products, 43, 126–131. doi:10.1016/j.indcrop.2012.06.046",https://doi.org/10.1016/j.indcrop.2012.06.046,2
ref_d881fa5d4266,"Król, K., & Gantner, M. (2020). Morphological traits and chemical composition of hazelnut from different geographical origins: A review. Agriculture, 10(9), 375. ; Milošević, T., & Milošević, N. (2017). Determination of size and shape features of hazelnuts using multivariate analysis. Acta Scientiarum Polonorum Hortorum Cultus, 16(5), 49-61.",https://doi.org/10.3390/agriculture10090375,1
ref_d914e0b30d0a,"Babatunde, B. B., Hamzat, R. A., & Adejinmi, O. O. (2001). Replacement value of Kolanut husk meal for maize in rabbit diets. Nigerian Journal of Animal Science, 4(2).",https://www.ajol.info/index.php/tjas/article/view/49939,3
ref_d9980fb7fc66,"Tarôco, G. & Perazza, C. & Gomes, M., & Kerber, C., & Neto, R., & Hilsdorf, A.,. (2024). Assessment of body metrics, weight, and carcass yields in dusky grouper (Epinephelus marginatus) through correlation and path analysis: Implications for optimizing genetic breeding programs. Aquaculture. 590. 741100. 10.1016/j.aquaculture.2024.741100.",https://doi.org/10.1016/j.aquaculture.2024.741100,5
ref_d9ddc5a35768,"Yun K, Shin M, Moon KH and Kim S-H (2022) An Integrative Process-Based Model for Biomass and Yield Estimation of Hardneck Garlic (Allium sativum). Front. Plant Sci. 13:783810. doi: 10.3389/fpls.2022.783811",https://doi.org/10.3389/fpls.2022.783810,1
ref_da89f6e49c6a,Assumption based on both Demersal and Pelagic averages from top 100,,12
ref_db7fefea8100,"Beveridge, T.H., & Harrison, J. (1986). Pear Juice Production from Heated Pear Mashes. Canadian Institute of Food Science and Technology journal, 19, 12-16.",https://doi.org/10.1016/S0315-5463(86)71374-6,1
ref_dbedd7e18b9e,"Bebek Markovinović, A., Putnik, P., Duralija, B., Krivohlavek, A., Ivešić, M., Mandić Andačić, I., Palac Bešlić, I., Pavlić, B., Lorenzo, J. M., & Bursać Kovačević, D. (2022). Chemometric Valorization of Strawberry (Fragaria x ananassa Duch.) cv. 'Albion' for the Production of Functional Juice: The Impact of Physicochemical, Toxicological, Sensory, and Bioactive Value. Foods (Basel, Switzerland), 11(5), 640. https://doi.org/10.3390/foods11050640",https://doi.org/10.3390/foods11050640,3
ref_dc2ee9656c16,"Mahmoud, E. A., & Mehder, A. O. A. (2022). The manufacture of three types of organic butternut squash flour and their impact on the development of some oat gluten-free products. Arabian Journal of Chemistry, 15(9), 104051. https://doi.org/10.1016/j.arabjc.2022.104053",https://doi.org/10.1016/j.arabjc.2022.104051,1
ref_dc9e29bc08e2,"Laraia, R., Riva, G., & Squitieri, G. (2001). I rifiuti del comparto agroalimentare. Studio Di Settore. Rapporto ANPA, 148. ; Caldeira, C., De Laurentiis, V., Ghose, A., Corrado, S., & Sala, S. (2021). Grown and thrown: Exploring approaches to estimate food waste in EU countries. Resources, Conservation and Recycling, 168, 105426.",https://www.isprambiente.gov.it/contentfiles/00003800/3854-rapporti-01-11.pdf,1
ref_dd3ee88aacaf,"Srivastava, K. K., Jabeen, A., Das, B., & Sharma, A. K. (2005). Genetic variability of quince (Cydonia ablonga) in Kashmir valley*. The Indian Journal of Agricultural Sciences, 75(11). https://epubs.icar.org.in/index.php/IJAgS/article/view/9283",https://epubs.icar.org.in/index.php/IJAgS/article/view/9285,1
ref_dded2b9b93bc,"Cassano, A., Figoli, A., Tagarelli, A., Sindona, G., & Drioli, E. (2006). Integrated membrane process for the production of highly nutritional kiwifruit juice. Desalination, 189(1-3), 21–30. doi:10.1016/j.desal.2005.06.009",https://doi.org/10.1016/j.desal.2005.06.009,2
ref_de1ff8e9ec1c,"Assumption based on average of wheat, rye, oats, and barley",,3
ref_dece47f85ac9,"Vlieg, P. (1988). Proximate composition of New Zealand marine finfish and shellfish. Biotechnology Division, Dept. of Scientific and Industrial Research.",https://www.fao.org/4/ae581e/ae581e00.htm,8
ref_df1cdf8b0fde,"Medeiros, N. B., Rodrigues, M., Morais, D. H., & Nunes-Rodrigues, M. D. (2021). Carcass and commercial cuts yields of caiman (Caiman crocodilus yacare) farmed in a ranching system in the Brazilian Pantanal. Anais da Academia Brasileira de Ciências, 93(4), e20190949.",https://www.scielo.br/j/aabc/a/jGT9PS7TTj6rgLHCZn63wzD/?format=pdf,14
ref_e2696e7cf1fe,"Chen, De-Wei & Zhang, Min & Shrestha, Sundar. (2007). Compositional characteristics and nutritional quality of Chinese mitten crab (Eriocheir sinensis). Food Chemistry. 103. 1343-1349. 10.1016/j.foodchem.2006.10.047.",https://doi.org/10.1016/j.foodchem.2006.10.047,6
ref_e3901f613039,"Karíc, L., Vukasinovic, S., & Žnidarcic. (2005). Response of leek (Allium porrum L.) to different levels of nitrogen dose under agro-climate conditions of Bosnia and Herzegovina. Acta Agriculturae Slovenica, 85(2), 219–226. https://doi.org/10.14720/aas.2005.85.2.15218",https://doi.org/10.14720/aas.2005.85.2.15218,1
ref_e3b5548a1ad6,"Harrison, J. E., Oomah, B. D., Diarra, M. S., & Ibarra-Alvarado, C. (2013). Bioactivities of pilot-scale extracted cranberry juice and pomace. Journal of Food Processing and Preservation, 37(4), 356–365. https://doi.org/10.1111/j.1745-4549.2011.00655.x",https://doi.org/10.1111/j.1745-4549.2011.00655.x,2
ref_e583b59217d6,"SLABYJ, B. M. (1981). Quality of Squid, II/ex illecebrosus, Mantles Canned in Oil. Skin, 2, 0-4.; Sikorski, Z. E., & Kołodziejska, I. (1986). The composition and properties of squid meat. Food Chemistry, 20(3), 213-224.",https://spo.nmfs.noaa.gov/sites/default/files/pdf-content/MFR/mfr436/mfr4363.pdf,4
ref_e5f2758de344,"Assumption - average of banana, mangoes, papaya, and persimmons",,3
ref_e7e8b66d3968,"Jiang, G. L., Rutto, L. K., & Ren, S. (2018). Evaluation of soybean lines for edamame yield traits and trait genetic correlation. HortScience, 53(12), 1732-1736.",https://doi.org/10.21273/HORTSCI13448-18,2
ref_e912279d6a99,"Yilmaz, S., Akça, Y., & Saçlik, S. (2017). Green husk and inshell biomass production capabilities of six walnut cultivars. Agric Food, 5, 389-397.",https://www.scientific-publications.net/en/article/1001431/,3
ref_e926c42cd644,"Fundo, J.F., Miller, F.A., Garcia, E. et al. Physicochemical characteristics, bioactive compounds and antioxidant activity in juice, pulp, peel and seeds of Cantaloupe melon. Food Measure 12, 292–300 (2018). https://doi.org/10.1007/s11694-017-9640-0",https://doi.org/10.1007/s11694-017-9640-0,4
ref_ecca5e11349a,"Yılmaz, C., & Gökmen, V. (2013). Compositional characteristics of sour cherry kernel and its oil as influenced by different extraction and roasting conditions. Industrial Crops and Products, 49, 130–135. https://doi.org/10.1016/j.indcrop.2013.04.051",https://doi.org/10.1016/j.indcrop.2013.04.048,1
ref_ef53053751ff,"Drkenda, P. and Kurtović, M. (2012). POMOLOGICAL CHARACTERISTICS OF AUTOCHTHONOUS PLUM GENOTYPES (PRUNUS DOMESTICA) FROM BOSNIA AND HERZEGOVINA. Acta Hortic. 968, 81-83 DOI: 10.17660/ActaHortic.2012.968.10",https://doi.org/10.17660/ActaHortic.2012.968.10,1
ref_ef9f08d78b04,"Shen, Y., Khir, R., Wood, D.F., McHugh, T.H., Pan, Z. 2020. Pear peeling using infrared radiation heating technology. Innovative Food Science and Emerging Technologies. 65. Article 102474. https://doi.org/10.1016/j.ifset.2020.102474.",https://doi.org/10.1016/j.ifset.2020.102474,1
ref_eff158f1c27a,"SLABYJ, B. M. (1981). Quality of Squid, II/ex illecebrosus, Mantles Canned in Oil. Skin, 2, 0-4. ;Sikorski, Z. E., & Kołodziejska, I. (1986). The composition and properties of squid meat. Food Chemistry, 20(3), 213-224.",https://spo.nmfs.noaa.gov/sites/default/files/pdf-content/MFR/mfr436/mfr4363.pdf,4
ref_f09f31280962,"Obeng, G.Y.; Amoah, D.Y.; Opoku, R.; Sekyere, C.K.K.; Adjei, E.A.; Mensah, E. (2020) Coconut Wastes as Bioresource for Sustainable Energy: Quantifying Wastes, Calorific Values and Emissions in Ghana. Energies , 13, 2178. https://doi.org/10.3390/en13092179",https://doi.org/10.3390/en13092178,1
ref_f14dedb76d58,Assumption based on FAO product description,,12
ref_f4dfe81afe32,Assumption,,2
ref_f67355f23b1e,"Wang, R., Tian, X., Li, Q., Liao, L., Wu, S., Tang, F., ... & Liu, Y. (2022). Walnut pellicle color affects its phenolic composition: Free, esterified and bound phenolic compounds in various colored-pellicle walnuts. Journal of Food Composition and Analysis, 109, 104470.",https://doi.org/10.1016/j.jfca.2022.104470,1
ref_f6bd275511aa,"Liu, H. M., & Li, H. Y. (2017). Application and conversion of soybean hulls. In Soybean-the basis of yield, biomass and productivity. IntechOpen. ; doi: 10.5772/66744",https://www.intechopen.com/chapters/53518,1
ref_f79fd9272b90,"Joshi, J., & Rao, P. S. (2024). Characterization and multivariate analysis of decortication-induced changes in pearl millet. Journal of Food Composition and Analysis, 125, 105788.",https://doi.org/10.1016/j.jfca.2023.105788,2
ref_f7f202800d12,"Esposito, T., Celano, R., Pane, C., Piccinelli, A. L., Sansone, F., Picerno, P., ... & Mencherini, T. (2019). Chestnut (Castanea sativa Miller.) burs extracts and functional compounds: UHPLC-UV-HRMS profiling, antioxidant activity, and inhibitory effects on phytopathogenic fungi. Molecules, 24(2), 302.",https://doi.org/10.3390/molecules24020302,1
ref_f8c7b6759b51,"Santos Corrêa, S., Gonçalves Oliveira, G., Coradini Franco, M., Gasparino, E., Feihrmann, A. C., Siemer, S., & Rodrigues de Souza, M. L. (2023). Quality of Oreochromis niloticus and Cynoscion virescens fillets and their by-products in flours make for inclusion in instant food products. Plos one, 18(2), e0279351.",https://doi.org/10.1371/journal.pone.0279351,1
ref_f908f7a81662,"Srivastava, K. K., Jabeen, A., Das, B., & Sharma, A. K. (2005). Genetic variability of quince (Cydonia ablonga) in Kashmir valley*. The Indian Journal of Agricultural Sciences, 75(11). https://epubs.icar.org.in/index.php/IJAgS/article/view/9284",https://epubs.icar.org.in/index.php/IJAgS/article/view/9285,1
ref_f941933c2acd,"Leak, F. W., Lane, T. J., Johnson, D. D., & Lamkey, J. W. (2003). Increasing the profitability of Florida alligator Carcasses1. Institute of Food and Agricultural Services, AN137U-University of Florida.",https://doi.org/10.32473/edis-an137-2003,9
ref_f94ccbedd890,"Carré, P. & Quinsac, A., & Citeau, M. & Fine, F. (2014). A re-examination of the technical feasibility and economic viability of rapeseed dehulling. OCL. 22. D304. 10.1051/ocl/2014044.",https://doi.org/10.1051/ocl/2014044,2
ref_facd9eb6de2b,"Assumption based on averages of beans, green",,4
ref_fc0acb302397,Assumption based on Demersal and Marine fish average from top 100,,15
ref_fc507215caac,Assumption based on Asses,,11
